Local authority code,Library name,Address 1,Address 2,Address 3,Postcode,Type of library,Statutory,Year opened,Year closed,URL,Email address
W06000001,Amlwch Library,Ffordd Parys,Amlwch,Anglesey,LL68 9EA,LAL,True,,,http://www.anglesey.gov.uk/leisure/libraries/libraries-my-local-library/amlwch-library/,mailto:kbxlh@anglesey.gov.uk
W06000001,Beaumaris Library,Hen Ysgol David Hughes,Beaumaris,Anglesey,LL58 8AL,LAL,True,,,http://www.anglesey.gov.uk/leisure/libraries/libraries-my-local-library/beaumaris-library/,mailto:ddxlh@anglesey.gov.uk
W06000001,Benllech Library,Ffordd Bangor,Benllech,Anglesey,LL74 8TF,LAL,True,,,http://www.anglesey.gov.uk/leisure/libraries/libraries-my-local-library/benllech-library/,mailto:dcxlh@anglesey.gov.uk
W06000001,Cemaes Library,Lôn Glascoed,Cemaes,Anglesey,LL67 0HN,LAL,True,,,http://www.anglesey.gov.uk/leisure/libraries/libraries-my-local-library/cemaes-library/,mailto:kcxlh@anglesey.gov.uk
W06000001,Holyhead Library,,,,LL65 1HH,LAL,True,,,http://www.anglesey.gov.uk/leisure/libraries/libraries-my-local-library/holyhead-library/,mailto:kpxlh@anglesey.gov.uk
W06000001,Llangefni Library,Lôn-y-Felin,Llangefni,Anglesey,LL77 7RT,LAL,True,,,http://www.anglesey.gov.uk/leisure/libraries/libraries-my-local-library/llangefni-library/,mailto:libraries@ynysmon.gov.uk
W06000001,Menai Bridge Library,Ffordd y Ffair,Porthaethwy,Anglesey,LL59 5AS,LAL,True,,,http://www.anglesey.gov.uk/leisure/libraries/libraries-my-local-library/menai-bridge-library/,mailto:dbxlh@anglesey.gov.uk
W06000001,Moelfre Library,Y Ganolfan,Moelfre,Anglesey,LL72 8HA,LAL,True,,,http://www.anglesey.gov.uk/leisure/libraries/libraries-my-local-library/moelfre-library/,mailto:dfxlh@anglesey.gov.uk
W06000001,Newborough Library,Prichard Jones Institute,Newborough,Anglesey,LL61 6SY,LAL,True,,,http://www.anglesey.gov.uk/leisure/libraries/libraries-my-local-library/newborough-library/,mailto:dexlh@anglesey.gov.uk
W06000001,Rhosneigr Library,High Street,Rhosneigr,Anglesey,LL64 5UX,LAL,True,,,http://www.anglesey.gov.uk/leisure/libraries/libraries-my-local-library/rhosneigr-library/,mailto:kdxlh@anglesey.gov.uk
W06000002,Bala Library,Campws Y Berwyn Campus,Ffrydan Rd,Bala,LL23 7RU,LAL,True,,,https://www.gwynedd.llyw.cymru/en/Residents/Libraries-and-archives/Your-local-library/Bala-library.aspx,mailto:LLBala@gwynedd.llyw.cymru
W06000002,Bangor Library,Gwynedd Road,Bangor,Gwynedd,LL57 1DT,LAL,True,,,https://www.gwynedd.llyw.cymru/en/Residents/Libraries-and-archives/Your-local-library/Bangor-library.aspx,mailto:LLBangor@gwynedd.llyw.cymru
W06000002,Barmouth Library,Station Road,Barmouth,Gwynedd,LL42 1LU,LAL,True,,,https://www.gwynedd.llyw.cymru/en/Residents/Libraries-and-archives/Your-local-library/Barmouth-Library.aspx,mailto:LLAbermaw@gwynedd.llyw.cymru
W06000002,Bethesda Library,Ffordd Coetmor,Bethesda,Gwynedd,LL57 3DP,LAL,True,,,https://www.gwynedd.llyw.cymru/en/Residents/Libraries-and-archives/Your-local-library/Bethesda-library.aspx,mailto:LLBethesda@gwynedd.llyw.cymru
W06000002,Blaenau Ffestiniog Library,Canolfan Maenofferen,Blaenau Ffestiniog,Gwynedd,LL41 3DL,LAL,True,,,https://www.gwynedd.llyw.cymru/en/Residents/Libraries-and-archives/Your-local-library/Blaenau-Ffestiniog-library.aspx,mailto:LLBlaenau@gwynedd.llyw.cymru
W06000002,Caernarfon Library,Pavilion Hill,Caernarfon,Gwynedd,LL55 1AS,LAL,True,,,https://www.gwynedd.llyw.cymru/en/Residents/Libraries-and-archives/Your-local-library/Caernarfon-library.aspx,mailto:LLCaernarfon@gwynedd.llyw.cymru
W06000002,Criccieth Library,High Street,Cricieth,Gwynedd,LL52 0RN,LAL,True,,,https://www.gwynedd.llyw.cymru/en/Residents/Libraries-and-archives/Your-local-library/Cricieth-library.aspx,mailto:LLCriccieth@gwynedd.llyw.cymru
W06000002,Deiniolen Library,High Street,Deiniolen,Caernarfon,LL55 3HR,LAL,True,,,,
W06000002,Dolgellau Library,Ffordd y Bala,Dolgellau,Gwynedd,LL40 2YF,LAL,True,,,https://www.gwynedd.llyw.cymru/en/Residents/Libraries-and-archives/Your-local-library/Dolgellau-library.aspx,mailto:LLDolgellau@gwynedd.llyw.cymru
W06000002,Harlech Library,2 Bron Y Graig,Harlech,,LL46 2SW,LAL,True,,,,
W06000002,Llanberis Library,Capel-Coch Road,Llanberis,Caernarfon,LL55 4SH,LAL,True,,,,
W06000002,Nefyn Library,Rhodfa'r Môr,Nefyn,Gwynedd,LL53 6EB,LAL,True,,,https://www.gwynedd.llyw.cymru/en/Residents/Libraries-and-archives/Your-local-library/Nefyn-library.aspx,mailto:LLNefyn@gwynedd.llyw.cymru
W06000002,Penrhyndeudraeth Library,Llys Deudraeth,Penrhyndeudraeth,,LL48 6BL,LAL,True,,,,
W06000002,Penygroes Library,Canolfan Dechnoleg Dyffryn Nantlle,Heol Y Dwr,Penygroes,LL54 6LR,LAL,True,,,https://www.gwynedd.llyw.cymru/en/Residents/Libraries-and-archives/Your-local-library/Penygroes-library.aspx,mailto:LLPenygroes@gwynedd.llyw.cymru
W06000002,Porthmadog Library,Healthy Lifestyles Centre and Library - Glaslyn,Stryd y Llan,Porthmadog,LL49 9HW,LAL,True,,,https://www.gwynedd.llyw.cymru/en/Residents/Libraries-and-archives/Your-local-library/Porthmadog-library.aspx,mailto:LLPorthmadog@gwynedd.llyw.cymru
W06000002,Pwllheli Library,Neuadd Dwyfor,Stryd Penlan,Pwllheli,LL53 5DE,LAL,True,,,https://www.gwynedd.llyw.cymru/en/Residents/Libraries-and-archives/Your-local-library/Pwllheli-library.aspx,mailto:LLPwllheli@gwynedd.llyw.cymru
W06000002,Tywyn Library,Neptune Road,Tywyn,Gwynedd,LL36 9HA,LAL,True,,,https://www.gwynedd.llyw.cymru/en/Residents/Libraries-and-archives/Your-local-library/Tywyn-library.aspx,mailto:LLTywyn@gwynedd.llyw.cymru
W06000003,Abergele Library,Market Street,Abergele,Conwy,LL22 7BP,LAL,True,,,http://www.conwy.gov.uk/en/Resident/Libraries-Museums-and-Archives/Libraries/Libraries-and-opening-times/Abergele-Library.aspx,mailto:abergele.library@conwy.gov.uk
W06000003,Cerrigydrudion Library,King Street,Cerrigydrudion,Corwen,LL21 9TF,LAL,True,,,http://www.conwy.gov.uk/en/Resident/Libraries-Museums-and-Archives/Libraries/Libraries-and-opening-times/Cerrigydrudion-Library.aspx,mailto:cerrig.library@conwy.gov.uk
W06000003,Colwyn Bay Library,Woodland Road West,Colwyn Bay,Conwy,LL29 7DH,LAL,True,,,http://www.conwy.gov.uk/en/Resident/Libraries-Museums-and-Archives/Libraries/Libraries-and-opening-times/Colwyn-Bay-Library.aspx,mailto:colwynbay.library@conwy.gov.uk
W06000003,Conwy Library,Civic Hall,Castle Street,Conwy,LL32 8AY,LAL,True,,,http://www.conwy.gov.uk/en/Resident/Libraries-Museums-and-Archives/Libraries/Libraries-and-opening-times/Conwy-Library.aspx,mailto:conwy.library@conwy.gov.uk
W06000003,Deganwy Library,219 Station Road,Deganwy,Conwy,LL31 9EX,LAL,False,,2014,,
W06000003,Kinmel Bay Library,Community Centre,Kendal Road,Kinmel Bay,LL18 5BT,LAL,True,,,http://www.conwy.gov.uk/en/Resident/Libraries-Museums-and-Archives/Libraries/Libraries-and-opening-times/Kinmel-Bay-Library.aspx,mailto:kinmelbay.library@conwy.gov.uk
W06000003,Llandudno Junction Library,Llandudno Junction,,,LL31 9HA,LAL,False,,2012,,
W06000003,Llandudno Library,Mostyn Street,Llandudno,Conwy,LL30 2RP,LAL,True,,,http://www.conwy.gov.uk/en/Resident/Libraries-Museums-and-Archives/Libraries/Libraries-and-opening-times/Llandudno-Library.aspx,mailto:llandudno.library@conwy.gov.uk
W06000003,Llanfairfechan Library,Village Road,Llanfairfechan,Conwy,LL33 0AA,LAL,True,,,http://www.conwy.gov.uk/en/Resident/Libraries-Museums-and-Archives/Libraries/Libraries-and-opening-times/Llanfairfechan-Library.aspx,mailto:llanfairfechan.library@conwy.gov.uk
W06000003,Llanrwst Library,Plas yn Dre,Station Road,Llanrwst,LL26 0DF,LAL,True,,,http://www.conwy.gov.uk/en/Resident/Libraries-Museums-and-Archives/Libraries/Libraries-and-opening-times/Llanrwst-Library.aspx,mailto:Llanrwst.library@conwy.gov.uk
W06000003,Penmaenmawr Library,Bangor Road,Penmaenmawr,Conwy,LL34 6DA,LAL,True,,,http://www.conwy.gov.uk/en/Resident/Libraries-Museums-and-Archives/Libraries/Libraries-and-opening-times/Penmaenmawr-Library.aspx,mailto:penmaenmawr.library@conwy.gov.uk
W06000003,Penrhyn Bay Library,Llandudno Road,Penrhyn Bay,Nr Llandudno,LL30 3HN,LAL,True,,,http://www.conwy.gov.uk/en/Resident/Libraries-Museums-and-Archives/Libraries/Libraries-and-opening-times/Penrhyn-Bay-Library.aspx,mailto:penrhynbay.library@conwy.gov.uk
W06000004,Corwen Library,Neuadd Edeyrnion,London Road,Corwen,LL21 0DR,LAL,True,,,https://www.denbighshire.gov.uk/en/resident/contact-us/visit-us/find-a-council-building-or-office/corwen-one-stop-shop.aspx,mailto:library@denbighshrie.gov.uk
W06000004,Denbigh Library and Gallery,Hall Square,Denbigh,Denbighshire,LL16 3NU,LAL,True,,,,mailto:library@denbighshrie.gov.uk
W06000004,Llangollen Library,Y Capel,19-21 Castle Street,Llangollen,LL20 8NY,LAL,True,,,https://www.denbighshire.gov.uk/en/resident/contact-us/visit-us/find-a-council-building-or-office/denbigh-one-stop-shop.aspx,mailto:library@denbighshrie.gov.uk
W06000004,Prestatyn Library,21 Kings Avenue,Prestatyn,Denbighshire,LL19 9AA,LAL,True,,,,mailto:library@denbighshrie.gov.uk
W06000004,Rhuddlan Library,Vicarage Lane,Rhuddlan,Rhyl,LL18 2UE,LAL,True,,,,mailto:library@denbighshrie.gov.uk
W06000004,Rhyl Library,Church Street,Rhyl,Denbighshire,LL18 3AA,LAL,True,,,,mailto:library@denbighshrie.gov.uk
W06000004,Ruthin Library,Record Street,Ruthin,Denbighshire,LL15 1DS,LAL,True,,,https://www.denbighshire.gov.uk/en/resident/libraries-and-archives/find-a-library-or-archive/ruthin-library.aspx,mailto:library@denbighshrie.gov.uk
W06000004,St Asaph Library,The Roe,St Asaph,Denbighshire,LL17 0LU,LAL,True,,,https://www.denbighshire.gov.uk/en/resident/contact-us/visit-us/find-a-council-building-or-office/st-asaph-one-stop-shop.aspx,mailto:library@denbighshrie.gov.uk
W06000005,Bagillt Library,Bagillt,,,CH6 6EQ,CL,True,,,,
W06000005,Broughton Library,Broughton Hall Road,Broughton,Buckley,CH4 0QQ,CL,True,,,,mailto:broughton.library@flintshire.gov.uk
W06000005,"Buckley Library, Museum and Gallery",The Precinct,Deeside,Flintshire,CH7 2EF,CL,True,,,https://www.visitwales.com/product/1209159,mailto:buckley.library@flintshire.gov.uk
W06000005,Connah's Quay Library,Wepre Drive,Connah'S Quay,Flintshire,CH5 4HA,CL,True,,,,mailto:connahs.quay.library@flintshire.gov.uk
W06000005,Deeside Library,Deeside Leisure Centre,Chester Road West,Queensferry,CH5 1SA,CL,True,,,,mailto:deeside.library@flintshire.gov.uk
W06000005,Flint Library,Church Street,Flint,Flintshire,CH6 5AP,CL,True,,,,mailto:flint.library@flintshire.gov.uk
W06000005,Halkyn Library,The Village Hall,Halyn,Holywell,CH8 8BU,CL,True,,,,mailto:halkyn.library@flintshire.gov.uk
W06000005,Holywell Library,Fron Park Road,Holywell,Flinshire,CH8 7UZ,CL,True,,,https://aura.wales/libraries/libraries-and-contact-details/,mailto:holywell.library@flintshire.gov.uk
W06000005,Mold Library,Earl Road,Mold,Flintshire,CH7 1AP,CL,True,,,,mailto:mold.library@flintshire.gov.uk
W06000005,Mynydd Isa Library,Mynydd Isa Community Centre,Mercia Drive,Mynydd Isa,CH7 6UH,CL,True,,,,
W06000006,Brynteg Library,The Memorial Centre,Quarry Road,Wrexham,LL11 6AB,LAL,True,,,,mailto:brynteg.library@wrexham.gov.uk
W06000006,Cefn Mawr Library,Plas Kynaston,Cefn Mawr,Wrexham,LL14 3AT,LAL,True,,,,mailto:cefnmawr.library@wrexham.gov.uk
W06000006,Chirk Library,Chapel Lane,Chirk,Wrexham,LL14 5NF,LAL,True,,,,mailto:chirk.library@wrexham.gov.uk
W06000006,Coedpoeth Library,Plas Pentwyn,Castle Road,Wrexham,LL11 3NA,LAL,True,,,,mailto:coedpoeth.library@wrexham.gov.uk
W06000006,Gresford Library,Vicarage Lane,Gresford,Wrexham,LL12 8UW,LAL,True,,,,mailto:gresfordlibrary@hotmail.com
W06000006,Gwersyllt Library,Gwersyllt Community Resource Centre,Second Avenue,Wrexham,LL11 4ED,LAL,True,,,http://www.wrexham.gov.uk/english/community/libraries/gwersyllt_library.htm,
W06000006,Llay Library,Market Square,Llay,Wrexham,LL12 0TR,LAL,True,,,,mailto:llay.library@wrexham.gov.uk
W06000006,Overton Library,Cocoa Rooms,Overton,Wrexham,LL13 0EE,LAL,True,,,,mailto:overton.library@wrexham.gov.uk
W06000006,Rhos Library,Princes Road,Rhos,Wrexham,LL14 1AB,LAL,True,,,,mailto:rhos.library@wrexham.gov.uk
W06000006,Ruabon Library,High Street,Ruabon,Wrexham,LL14 6NH,LAL,True,,,,mailto:ruabon.library@wrexham.gov.uk
W06000006,Wrexham Library,Rhosddu Road,Wrexham,Wrexham,LL11 1AU,LAL,True,,,,mailto:library@wrexham.gov.uk
W06000008,Aberaeron Library,County Hall,Aberaeron,Ceredigion,SA46 0AT,LAL,True,,,http://libraries.ceredigion.gov.uk,
W06000008,Aberystwyth Library,Canolfan Alun.R Edwards,Queens Square,Aberystwyth,SY23 2EB,LAL,True,,,http://libraries.ceredigion.gov.uk,
W06000008,Cardigan Library,Council Offices,Morgan Street,Cardigan,SA43 1DG,LAL,True,,,http://libraries.ceredigion.gov.uk,
W06000008,Lampeter Library,Market Street,Lampeter,Ceredigion,SA48 7DR,LAL,True,,,http://libraries.ceredigion.gov.uk,
W06000008,Llandysul Library,Canolfan Ceredigion,Llandysul,Ceredigion,SA44 4QS,LAL,True,,,http://libraries.ceredigion.gov.uk,
W06000008,New Quay Library,Uplands Square,New Quay,Ceredigion,SA45 9QH,LAL,True,,,http://libraries.ceredigion.gov.uk,
W06000009,Crymych Library,Preseli School,Crymych,Pembrokeshire,SA41 3QF,LAL,True,,,https://www.pembrokeshire.gov.uk/pembrokeshire-libraries/crymych-library,mailto:crymychlibrary@pembrokeshire.gov.uk
W06000009,Fishguard Library,Town Hall,Market Square,Fishguard,SA65 9HA,LAL,True,,,https://www.pembrokeshire.gov.uk/pembrokeshire-libraries/fishguard-library,mailto:fishguardlibrary@pembrokeshire.gov.uk
W06000009,Haverfordwest Library,,,,SA61 2AN,LAL,True,,,https://www.pembrokeshire.gov.uk/pembrokeshire-libraries/haverfordwest-library-and-information-centre,mailto:haverfordwestlendinglibrary@pembrokeshire.gov.uk
W06000009,Milford Haven Library,Cedar Court,Haven's Head Business Park,Milford Haven,SA73 3JP,LAL,True,,,https://www.pembrokeshire.gov.uk/pembrokeshire-libraries/milford-haven-library-and-information-centre,mailto:milfordhavenlibrary@pembrokeshire.gov.uk
W06000009,Narberth Library,St James Street,Narberth,Pembrokeshire,SA67 7BU,LAL,True,,,https://www.pembrokeshire.gov.uk/pembrokeshire-libraries/narberth-community-library,mailto:narberthlibrary@pembrokeshire.gov.uk
W06000009,Newport Community Library,Bank House,Bridge Street,Newport,SA42 0TB,LAL,True,,,https://www.pembrokeshire.gov.uk/pembrokeshire-libraries/newport-community-library,mailto:newportlibrary@pembrokeshire.gov.uk
W06000009,Neyland Library,St Clements Road,Neyland,Pembrokeshire,SA73 1SH,LAL,True,,,https://www.pembrokeshire.gov.uk/pembrokeshire-libraries/neyland-library-and-customer-service-centre,mailto:neylandlibrary@pembrokeshire.gov.uk
W06000009,Pembroke Dock Library,Water Street,Pembroke,Pembrokeshire,SA72 6DW,LAL,True,,,http://www.pembrokeshire.gov.uk/content.asp?nav=2%2C107%2C108,mailto:pembrokedocklibrary@pembrokeshire.gov.uk
W06000009,Pembroke Library,38 Main Street,Pembroke,Pembrokeshire,SA71 4NP,LAL,True,,,https://www.pembrokeshire.gov.uk/pembrokeshire-libraries/pembroke-library-and-information-centre,mailto:pembrokelibrary@pembrokeshire.gov.uk
W06000009,Saundersfoot Library,Regency Hall,Saundersfoot,Pembrokeshire,SA69 9NG,LAL,True,,,https://www.pembrokeshire.gov.uk/pembrokeshire-libraries/saundersfoot-library-and-information-centre,mailto:saundersfootlibrary@pembrokeshire.gov.uk
W06000009,St Davids Library,City Hall,High Street,St Davids,SA62 6SD,LAL,True,,,https://www.pembrokeshire.gov.uk/pembrokeshire-libraries/st-davids-library,mailto:stdavidslibrary@pembrokeshire.gov.uk
W06000009,Tenby Library,Greenhill House,Tenby,Pembrokeshire,SA70 7LB,LAL,True,,,https://www.pembrokeshire.gov.uk/pembrokeshire-libraries/tenby-library,mailto:tenbylibrary@pembrokeshire.gov.uk
W06000010,Ammanford Library,3 Wind Street,Ammanford,Carmarthenshire,SA18 3DN,LAL,True,,,http://www.carmarthenshire.gov.wales/home/residents/libraries-archives/find-a-library/ammanford-library.aspx#.Wku34o_XLIU,
W06000010,Bedol Library,Ysgol y Bedol,Folland Road,Garnant,SA18 2GB,LAL,True,,,http://www.carmarthenshire.gov.wales/home/council-services/libraries-archives/find-a-library/bedol-library/,
W06000010,Brynaman Library,Community Centre,Cwmgarw Road,Brynaman,SA18 1BU,LAL,True,,,https://www.carmarthenshire.gov.wales/home/council-services/libraries-archives/find-a-library/brynaman-library/,
W06000010,Burry Port Library,Brynmor House,Carway Street,Burry Port,SA16 0AE,LAL,True,,,http://www.carmarthenshire.gov.wales/home/residents/libraries-archives/find-a-library/burry-port-library.aspx#.Wk5ZYY_XLIU,
W06000010,Carmarthen Library,St Peters Street,Carmarthen,Carmarthenshire,SA31 1LN,LAL,True,,,http://www.carmarthenshire.gov.wales/home/residents/libraries-archives/find-a-library/carmarthen-library/,
W06000010,Cross Hands Library,Carmarthen Road,Cross Hands,,SA14 6SU,LAL,True,,,http://www.carmarthenshire.gov.wales/home/residents/libraries-archives/find-a-library/cross-hands-library.aspx#.Wk5af4_XLIU,
W06000010,Dafen Library,Parish Church Hall,Dafen,Llanelli,SA15 8LR,LAL,True,,,,
W06000010,Garnant Library,77 Cwmamman Road,Garnant,Ammanford,SA18 1ND,LAL,True,,,,
W06000010,Kidwelly Library,Princess Gwenllian Centre,Hillfield Villas,Kidwelly,SA17 4UL,LAL,True,,,http://www.carmarthenshire.gov.wales/home/residents/libraries-archives/find-a-library/kidwelly-library.aspx#.Wk_xdUx2vIU,
W06000010,Llandeilo Library,Crescent Road,Llandeilo,Carmarthenshire,SA19 6HN,LAL,True,,,http://www.carmarthenshire.gov.wales/home/residents/libraries-archives/find-a-library/llandeilo-library.aspx#.Wk_0Dkx2vIU,
W06000010,Llandovery Library,Town Hall,Market Square,Llandovery,SA20 0AA,LAL,True,,,http://www.carmarthenshire.gov.wales/home/residents/libraries-archives/find-a-library/llandovery-library/,
W06000010,Llanelli Library,Vaughan Street,Llanelli,Carmarthenshire,SA15 3AS,LAL,True,,,http://www.carmarthenshire.gov.wales/home/residents/libraries-archives/find-a-library/llanelli-library/,
W06000010,Llangennech Library,Community Centre,Rear of Hendre Road,Nr. Old Bridge Inn,SA14 8TH,LAL,True,,,http://www.carmarthenshire.gov.wales/home/residents/libraries-archives/find-a-library/llangennech-library.aspx#.Wk_3KUx2vIU,
W06000010,Llanybydder Library,Day Centre,Market Square,Llanybydder,SA40 9TY,LAL,True,,,,
W06000010,Llwynhendy Library,Heol Elfed,Llwynhendy,Llanelli,SA14 9HH,LAL,True,,,http://www.carmarthenshire.gov.wales/home/residents/libraries-archives/find-a-library/llwynhendy-library.aspx#.Wk_5EEx2vIU,
W06000010,Newcastle Emlyn Library,Church Lane,Newcastle Emlyn,Carmarthenshire,SA38 9AB,LAL,True,,,http://www.carmarthenshire.gov.wales/home/residents/libraries-archives/find-a-library/newcastle-emlyn-library.aspx#.Wk_6lEx2vIU,
W06000010,Pembrey Library,The Old School,Ashburnham Road,Pembrey,SA16 0TP,LAL,True,,,http://www.carmarthenshire.gov.wales/home/residents/libraries-archives/find-a-library/pembrey-library.aspx#.Wk_7BUx2vIU,
W06000010,Pontyates Library,Welfare Hall,Meinciau Road,Pontyates,SA15 5SC,LAL,True,,,http://www.carmarthenshire.gov.wales/home/residents/libraries-archives/find-a-library/pontyates-library.aspx#.Wk_-2Ex2vIU,
W06000010,Pontyberem Library,Memorial Hall,Coalbrook Road,Pontyberem,SA15 5HH,LAL,True,,,,
W06000010,St. Clears Library,The Gate,Pentre Road,Carmarthen,SA33 4AA,LAL,True,,,http://www.carmarthenshire.gov.wales/home/residents/libraries-archives/find-a-library/st-clears-library.aspx#.Wk_8cUx2vIU,
W06000010,Whitland Library,Town Hall,King Edward Street,Carmarthen,SA34 0AG,LAL,True,,,http://www.carmarthenshire.gov.wales/home/residents/libraries-archives/find-a-library/whitland-library.aspx,
W06000011,Bonymaen Library,Bonymaen Community Centre,Bonymaen Road,Bonymaen,SA1 7AW,LAL,True,,,https://www.swansea.gov.uk/bonymaenlibrary?contactid=2158,mailto:bonymaen@swansea.gov.uk
W06000011,Brynhyfryd Library,Llangyfelach Road,Brynhyfryd,Swansea,SA5 9LH,LAL,True,,,https://www.swansea.gov.uk/brynhyfrydlibrary?contactid=2158,mailto:brynhyfryd.library@swansea.gov.uk
W06000011,Clydach Library,High Street,Clydach,Swansea,SA6 5LN,LAL,True,,,https://www.swansea.gov.uk/clydachlibrary?contactid=2158,mailto:clydach.library@swansea.gov.uk
W06000011,Fforestfach Library,Kings Head Road,Gendros,Swansea,SA5 8DA,LAL,True,,,https://www.swansea.gov.uk/fforestfachlibrary?contactid=2158,mailto:fforestfach.library@swansea.gov.uk
W06000011,Gorseinon Library,15 West Street,Gorseinon,Swansea,SA4 4AA,LAL,True,,,https://www.swansea.gov.uk/gorseinonlibrary?contactid=2158,mailto:gorseinon.library@swansea.gov.uk
W06000011,Gowerton Library,Mansel Street,Gowerton,Swansea,SA4 3BU,LAL,True,,,https://www.swansea.gov.uk/gowertonlibrary?contactid=2158,mailto:gowerton.library@swansea.gov.uk
W06000011,Killay Library,St Hillary's Church Hall,Gower Road,Swansea,SA2 7QS,LAL,True,,,https://www.swansea.gov.uk/killaylibrary?contactid=2158,mailto:killay.library@swansea.gov.uk
W06000011,Llansamlet Library,242 Peniel Green Road,Llansamlet,Swansea,SA7 9BD,LAL,True,,,https://www.swansea.gov.uk/llansamletlibrary?contactid=2158,
W06000011,Morriston Library,Treharne Road,Morriston,Swansea,SA6 7AA,LAL,True,,,https://www.swansea.gov.uk/morristonlibrary?contactid=2158,mailto:morriston.library@swansea.gov.uk
W06000011,Oystermouth Library,Dunns Lane,Mumbles,Swansea,SA3 4AA,LAL,True,,,http://www.swansea.gov.uk/oystermouthlibrary,mailto:oystermouth.library@swansea.gov.uk
W06000011,Penlan Library,Heol Frank,Penlan,Swansea,SA5 7AH,LAL,True,,,https://www.swansea.gov.uk/penlanlibrary?contactid=2158,mailto:penlan.library@swansea.gov.uk
W06000011,Pennard Library,Pennard Road,Southgate,Pennard,SA3 2AD,LAL,True,,,https://www.swansea.gov.uk/pennardlibrary?contactid=2158,mailto:pennard.library@swansea.gov.uk
W06000011,Pontarddulais Library,St Michaels Avenue,Pontarddulais,Swansea,SA4 8TE,LAL,True,,,https://www.swansea.gov.uk/pontarddulaislibrary?contactid=2158,mailto:pontarddulais.library@swansea.gov.uk
W06000011,Sketty Library,Vivian Road,Sketty,Swansea,SA2 0UN,LAL,True,,,https://www.swansea.gov.uk/skettylibrary?contactid=2158,
W06000011,St Thomas Library,Grenfell Park Road,St Thomas,Swansea,SA1 8EZ,LAL,True,,,https://www.swansea.gov.uk/stthomaslibrary?contactid=2158,mailto:st.thomas.library@swansea.gov.uk
W06000011,Swansea Central Library,Civic Centre,Oystermouth Road,Swansea,SA1 3SN,LAL,True,,,https://www.swansea.gov.uk/centrallibrary?contactid=2158,mailto:libraryline@swansea.gov.uk
W06000011,Townhill Library,Phoenix Centre,Paradise Park,Townhill,SA1 6PH,LAL,True,,,https://www.swansea.gov.uk/townhilllibrary?contactid=2158,mailto:townhill.library@swansea.gov.uk
W06000012,Baglan Library,Laurel Avenue,Baglan,Port Talbot,SA12 8PA,LAL,True,,,https://www.npt.gov.uk/5729,mailto:baglan.library@npt.gov.uk
W06000012,Blaengwynfi Library,Library & Public Hall,Jersey Road,Blaengwynfi,SA13 3TD,LAL,True,,,,
W06000012,Briton Ferry Library,Neath Road,Briton Ferry,Neath Port Talbot,SA11 2AQ,LAL,True,,,https://www.npt.gov.uk/5731,
W06000012,Cwmafan Library,Depot Road,Cwmafan,Port Talbot,SA12 9DF,LAL,True,,,https://www.npt.gov.uk/5732,mailto:cwmafan.library@npt.gov.uk
W06000012,Cwmllynfell Library,18 Gwilym Road,Cwmllynfell,Swansea,SA9 2FG,LAL,True,,,,
W06000012,Cymmer Afan Library,Street Road,Port Talbot,,SA13 3HR,LAL,True,,,,
W06000012,Glynneath Library,Park Avenue,Glynneath,Neath,SA11 5DW,LAL,True,,,https://www.npt.gov.uk/5735,mailto:glynneath.library@npt.gov.uk
W06000012,Neath Library,Victoria Gardens,Neath,Neath Port Talbot,SA11 3BA,LAL,True,1905,,https://www.npt.gov.uk/5738,mailto:neath.library@npt.gov.uk
W06000012,Pontardawe Library,Holly Street,Pontardawe,Neath Port Talbot,SA8 4ET,LAL,True,,,https://www.npt.gov.uk/5740,mailto:pontardawe.library@npt.gov.uk
W06000012,Port Talbot Library,1st Floor,Aberafan Shopping Centre,Port Talbot,SA13 1PB,LAL,True,,,https://www.npt.gov.uk/5742,mailto:porttalbot.library@npt.gov.uk
W06000012,Resolven Library,Neath Road,Resolven,Neath,SA11 4AA,LAL,True,,,,
W06000012,Sandfields Library,Morrison Road,Sandfields,Port Talbot,SA12 6TG,LAL,True,,,https://www.npt.gov.uk/5746,mailto:sandfields.library@npt.gov.uk
W06000012,Seven Sisters Library,Seven Sisters Community Hall,Brynhyfryd Terrace,Seven Sisters,SA10 9BA,LAL,True,,,,
W06000012,Skewen Library,New Road,Skewen,Neath,SA10 6UU,LAL,True,,,https://www.npt.gov.uk/5748,mailto:skewen.library@npt.gov.uk
W06000012,Taibach Library,Commercial Road,Taibach,Port Talbot,SA13 1LN,LAL,True,,,http://www.taibachlibrary.org.uk/,
W06000012,Y Lolfa (Gwaun Cae Gurwen),New Community Hall,New Road,Gwaun Cae Gurwen,SA18 1UN,LAL,True,,,,
W06000012,Ystalyfera Library,72 Commercial Road,Ystalyfera,Swansea,SA9 2HS,LAL,True,,,,
W06000013,Aberkenfig Library,Heol y Llyfrau,Aberkenfig,Bridgend,CF32 9PT,CL,True,,,http://www.awen-libraries.com/aberkenfig-library/,mailto:aberkenfig.library@awen-wales.com
W06000013,Betws Library,Betws Centre,Betws,Bridgend,CF32 8TB,CL,True,,,http://www.awen-libraries.com/betws-library/,mailto:betws.library@awen-wales.com
W06000013,Blaengarw Library,Blaengarw Infants School,Station Street,Blaengarw,CF32 8BA,CL,True,,,,
W06000013,Bridgend Library,Bridgend Life Centre,Angel Street,Bridgend,CF31 4AH,CL,True,,,http://www.awen-libraries.com/bridgend-library/,mailto:bridgend.library@awen-wales.com
W06000013,Maesteg Library,North's Lane,Maesteg,Bridgend,CF34 9AA,CL,True,,,http://www.awen-libraries.com/maesteg-library/,mailto:maesteg.library@awen-wales.com
W06000013,Ogmore Vale Library,Ogmore Valley Life Centre,Cwrt Gwalia,Bridgend,CF32 7AJ,CL,True,,,http://www.awen-libraries.com/ogmore-vale-library/,mailto:ovlc-receptiongroup@haloleisure.org.uk
W06000013,Pencoed Library,Penybont Road,Pencoed,Bridgend,CF35 5RA,CL,True,,,http://www.awen-libraries.com/pencoed-library/,mailto:pencoed.library@awen-wales.com
W06000013,Pontycymer Library,107 Oxford Street,Pontycymer,Bridgend,CF32 8DE,CL,True,,,http://www.awen-libraries.com/pontycymer-library/,mailto:gvlc-receptiongroup@haloleisure.org.uk
W06000013,Porthcawl Library,Church Place,Porthcawl,Bridgend,CF36 3AG,CL,True,,,http://www.awen-libraries.com/porthcawl-library/,mailto:porthcawl.library@awen-wales.com
W06000013,Pyle Life Centre,Pyle Life Centre,Helig Fan,Bridgend,CF33 6BS,CL,True,,,http://www.awen-libraries.com/pyle-library/,mailto:pyle.library@awen-wales.com
W06000013,Sarn Library,Lifelong learning Centre,Merfield Close,Bridgend,CF32 9SW,CL,True,,,http://www.awen-libraries.com/sarn-library/,mailto:sarn.library@awen-wales.com
W06000013,Ty'r Ardd Library,Ty'r Ardd,Sunnyside,Bridgend,CF31 4AR,CL,True,,,,
W06000013,Y Llynfi Library,Maesteg Sports Centre,Old Forge Site,Nant-y-Crynwyd,CF34 9EB,CL,True,,,http://www.awen-libraries.com/y-llynfi-library/,mailto:yllynfi.library@awen-wales.com
W06000014,Barry Council Office and Library,The County Library,King Square,Barry,CF63 4RW,LAL,True,1906,,http://www.valeofglamorgan.gov.uk/en/enjoying/libraries/libraries.aspx,mailto:barrylibrary@valeofglamorgan.gov.uk
W06000014,Cowbridge Library,Old Hall,High Street,Cowbridge,CF71 7AH,LAL,True,,,http://www.valeofglamorgan.gov.uk/en/enjoying/libraries/libraries.aspx,mailto:CowbridgeLibrary@valeofglamorgan.gov.uk
W06000014,Dinas Powys Library,Fairoaks,The Murch,Dinas Powys,CF64 4QU,LAL,True,,,http://www.valeofglamorgan.gov.uk/en/enjoying/libraries/libraries.aspx,mailto:DinasPowysLibrary@valeofglamorgan.gov.uk
W06000014,Llantwit Major Library,Boverton Rd,Llantwit Major,Vale Of Glamorgan,CF61 1XZ,LAL,True,,,http://www.valeofglamorgan.gov.uk/enjoying/libraries/our_libraries/llantwit_major.aspx,mailto:LlantwitMajorLibrary@valeofglamorgan.gov.uk
W06000014,Penarth Library,Stanwell Road,Penarth,Vale of Glamorgan,CF64 2YT,LAL,True,,,,mailto:PenarthLibrary@valeofglamorgan.gov.uk
W06000014,Rhoose Library,Fontygary Road,Rhoose,Vale Of Glamorgan,CF62 3DS,LAL,True,,,http://www.valeofglamorgan.gov.uk/enjoying/libraries/our_libraries/rhoose.aspx,mailto:RhooseLibrary@valeofglamorgan.gov.uk
W06000014,St Athan Library,Old Primary School,St Athan,Vale Of Glamorgan,CF62 4PL,LAL,True,,,http://www.valeofglamorgan.gov.uk/enjoying/libraries/our_libraries/st_athan.aspx,mailto:StAthanlibrary@valeofglamorgan.gov.uk
W06000014,Sully and Lavernock Library,BP Sports & Social Club,South Road,Penarth,CF64 5SP,LAL,True,,,,mailto:sullylibrarytrust@gmail.com
W06000014,Wenvoe Library,Springfield Close,Wenvoe,Cardiff,CF5 6AN,LAL,True,,,,
W06000015,Canton Library,Library Street,Canton,Cardiff,CF5 1QD,LAL,True,1907,,https://www.cardiff.gov.uk/ENG/resident/Libraries-and-archives/Find-a-library/Pages/Canton-Library.aspx,
W06000015,Cardiff Central Library,The Hayes,Cardiff,Cardiff,CF10 1FL,LAL,True,,,https://www.cardiff.gov.uk/ENG/resident/Libraries-and-archives/Find-a-library/Pages/Central-Library.aspx,mailto:centrallibrary@cardiff.gov.uk
W06000015,Cathays Library,Fairoak Road,Cathays,Cardiff,CF24 4PW,LAL,True,,,https://www.cardiff.gov.uk/ENG/resident/Libraries-and-archives/Find-a-library/Pages/Cathays-Library.aspx,
W06000015,Ely & Caerau Hub,1 Cowbridge Road West,Cardiff,,CF5 5BQ,LAL,True,,,,
W06000015,Fairwater Library,Doyle Avenue,Fairwater,Cardiff,CF5 3HU,LAL,True,,,https://www.cardiff.gov.uk/ENG/resident/Libraries-and-archives/Find-a-library/Pages/Fairwater-Library.aspx,
W06000015,Grangetown Library,Redlaver Street,Grangetown,Cardiff,CF11 7LY,LAL,True,,,https://www.cardiff.gov.uk/ENG/resident/Libraries-and-archives/Find-a-library/Pages/Grangetown-Library.aspx,
W06000015,Llandaff North Library,Gabalfa Avenue,Llandaff North,Cardiff,CF14 2HU,LAL,True,,,https://www.cardiff.gov.uk/ENG/resident/hubs-and-housing-offices/llandaff-north-and-gabalfa-hub/Pages/default.aspx,
W06000015,Llanedeyrn Library,The Powerhouse Hub,Roundwood,Llanedeyrn,CF23 9PN,LAL,True,,,https://www.cardiff.gov.uk/ENG/resident/hubs-and-housing-offices/Llanedeyrn-Hub/Pages/default.aspx,
W06000015,Llanishen Library,Llanishen Hub,11 Station Road,Cardiff,CF14 5LS,LAL,True,,,https://www.cardiff.gov.uk/ENG/resident/hubs-and-housing-offices/Llanishen-Hub/Pages/default.aspx,
W06000015,Llanrumney Library,Countisbury Avenue,Llanrumney,Cardiff,CF3 5NQ,LAL,True,,,https://www.cardiff.gov.uk/ENG/resident/hubs-and-housing-offices/llanrumney-hub/Pages/default.aspx,
W06000015,Penylan Library,Penylan Road,Penylan,Cardiff,CF23 5HW,LAL,True,,,https://www.cardiff.gov.uk/ENG/resident/Libraries-and-archives/Find-a-library/Pages/Penylan-Library.aspx,
W06000015,Radyr Library,Park Road,Radyr,Cardiff,CF15 8DF,LAL,True,,,https://www.cardiff.gov.uk/ENG/resident/Libraries-and-archives/Find-a-library/Pages/Radyr-Library.aspx,
W06000015,Rhiwbina Library,Pen-y-Dre,Rhiwbina,Cardiff,CF14 6EH,LAL,True,,,https://www.cardiff.gov.uk/ENG/resident/Libraries-and-archives/Find-a-library/Pages/Rhiwbina-Library.aspx,
W06000015,Rhydypennau Library,Llandennis Road,Rhydypennau,Cardiff,CF23 6EG,LAL,True,,,https://www.cardiff.gov.uk/ENG/resident/Libraries-and-archives/Find-a-library/Pages/Rhydypennau-Library.aspx,
W06000015,Rumney Library,Llanstephan Road,Rumney,Cardiff,CF3 3JA,LAL,True,,,https://www.cardiff.gov.uk/ENG/resident/hubs-and-housing-offices/Rumney-Partnership-Hub/Pages/default.aspx,
W06000015,STAR Library,Muirton Road,Cardiff,,CF24 2SJ,LAL,True,,,https://www.cardiff.gov.uk/ENG/resident/Libraries-and-archives/Find-a-library/Pages/Splott-Library.aspx,
W06000015,St Mellons Library,Crickhowell Road,St Mellons,Cardiff,CF3 0EF,LAL,True,,,https://www.cardiff.gov.uk/ENG/resident/hubs-and-housing-offices/st-mellons-hub/Pages/default.aspx,
W06000015,Tongwynlais Library,Tanyard Day Centre,Tongwynlais,Cardiff,CF15 7NP,LAL,True,,,https://www.cardiff.gov.uk/ENG/resident/Libraries-and-archives/Find-a-library/Pages/Tongwynlais-Library.aspx,
W06000015,Whitchurch Library,Park Road,Whitchurch,Cardiff,CF14 7XA,LAL,True,,,https://www.cardiff.gov.uk/ENG/resident/Libraries-and-archives/Find-a-library/Pages/Whitchurch-Library.aspx,
W06000016,Abercynon Library,Ynysmeurig Road,Abercynon,Rhondda Cynon Taf,CF45 4SU,LAL,True,,,http://www.rctcbc.gov.uk/EN/Resident/Libraries/Librarylocationsandopeninghours/AbercynonLibrary.aspx,mailto:Abercynon.Library@rctcbc.gov.uk
W06000016,Aberdare Library,Green Street,Aberdare,Rhondda Cynon Taf,CF44 7AG,LAL,True,,,http://www.rctcbc.gov.uk/EN/Resident/Libraries/Librarylocationsandopeninghours/AberdareLibrary.aspx,mailto:aberdare.library@rhondda-cynon-taf.gov.uk
W06000016,Beddau Library,Tynant Road,Beddau,Pontypridd,CF38 2DA,LAL,True,,,,
W06000016,Church Village Library,Garth Olwg Community Campus,Off St Illtyd’s Road,Church Village,CF38 1RQ,LAL,True,,,http://www.rctcbc.gov.uk/EN/Resident/Libraries/Librarylocationsandopeninghours/ChurchVillageLibrary.aspx,mailto:ChurchVillage.Library@rctcbc.gov.uk
W06000016,Ferndale Library,High Street,Ferndale,Rhondda Cynon Taf,CF43 4RH,LAL,True,,,http://www.rctcbc.gov.uk/EN/Resident/Libraries/Librarylocationsandopeninghours/FerndaleLibrary.aspx,mailto:Ferndale.Library@rctcbc.gov.uk
W06000016,Hirwaun Library,High Street,Hirwaun,Rhondda Cynon Taf,CF44 9SW,LAL,True,,,http://www.rctcbc.gov.uk/EN/Resident/Libraries/Librarylocationsandopeninghours/HirwaunLibrary.aspx,mailto:Hirwaun.Library@rctcbc.gov.uk
W06000016,Llantrisant Library,Llantrisant Community Library,Llantrisant Leisure Centre,Southgate Park,CF72 8EB,LAL,True,,,http://www.rctcbc.gov.uk/EN/Resident/Libraries/Librarylocationsandopeninghours/LlantrisantLibrary.aspx,mailto:Llantrisant.Library@rctcbc.gov.uk
W06000016,Maerdy Library,Library,Dyfodwg Street,Treorchy,CF42 6NN,LAL,True,,,,
W06000016,Mountain Ash Library,Knight Street,Mountain Ash,Rhondda Cynon Taf,CF45 3EY,LAL,True,,,http://www.rctcbc.gov.uk/EN/Resident/Libraries/Librarylocationsandopeninghours/MountainAshLibrary.aspx,mailto:MountainAsh.Library@rctcbc.gov.uk
W06000016,Pontyclun Library,Heol-y-Felin,Pontyclun,,CF72 9BE,LAL,True,,,http://www.rctcbc.gov.uk/EN/Resident/Libraries/Librarylocationsandopeninghours/PontyclunLibrary.aspx,mailto:Pontyclun.Library@rctcbc.gov.uk
W06000016,Pontypridd Library,Library Road,Pontypridd,Rhondda Cynon Taf,CF37 2DY,LAL,True,,,http://www.rctcbc.gov.uk/EN/Resident/SchoolsandLearning/Libraries/Librarylocationsandopeninghours/PontypriddLibrary.aspx,mailto:Pontypridd.Library@rctcbc.gov.uk
W06000016,Porth Library,Porth Plaza,Pontypridd Road,Porth,CF39 9PG,LAL,True,,,http://www.rctcbc.gov.uk/EN/Resident/Libraries/Librarylocationsandopeninghours/PorthLibrary.aspx,mailto:Porth.Library@rctcbc.gov.uk
W06000016,Rhydyfelin Library,Poplar Road,Rhydyfelin,Rhondda Cynon Taf,CF37 5LR,LAL,True,,,https://www.rctcbc.gov.uk/EN/Resident/Libraries/Librarylocationsandopeninghours/RhydyfelinLibrary.aspx,mailto:Rhydyfelin.Library@rctcbc.gov.uk
W06000016,Taffs Well Library,Scimitar Court,Cardiff Road,Taff's Well,CF15 7RF,LAL,True,,,,
W06000016,Tonypandy Library,De Winton Street,Tonypandy,Rhondda Cynon Taf,CF40 2QZ,LAL,True,,,http://www.rctcbc.gov.uk/EN/Resident/Libraries/Librarylocationsandopeninghours/TonypandyLibrary.aspx,mailto:Tonypandy.Library@rctcbc.gov.uk
W06000016,Tonyrefail Library,Porth Street,Porth,,CF39 9RT,LAL,True,,,,
W06000016,Treherbert Library,Bute Street,Treorchy,,CF42 5NR,LAL,True,,,,
W06000016,Treorchy Library,Station Road,Treorchy,Rhondda Cynon Taf,CF42 6NN,LAL,True,,,https://www.rctcbc.gov.uk/EN/Resident/Libraries/Librarylocationsandopeninghours/TreorchyLibrary.aspx,
W06000018,Aberbargoed Library,Pant Street,Aberbargoed,Caerphilly,CF81 9BB,LAL,True,,,http://www.caerphilly.gov.uk/Services/Libraries/Library-locations-and-opening-times/Aberbargoed-library,mailto:libabarg@caerphilly.gov.uk
W06000018,Abercarn Library,1 Duffryn Court,Abercarn.,,NP11 5DT,LAL,True,,,http://www.caerphilly.gov.uk/Services/Libraries/Library-locations-and-opening-times/Abercarn-library.aspx,mailto:libaberc@caerphilly.gov.uk
W06000018,Abertridwr Library,Aberfawr Road,Abertridwr,Caerphilly,CF83 4EJ,LAL,True,,,http://www.caerphilly.gov.uk/Services/Libraries/Library-locations-and-opening-times/Abertridwr-library.aspx,mailto:libatrid@caerphilly.gov.uk
W06000018,Bargoed Library,Hanbury Chapel,6a Hanbury Road,Bargoed. CF81 8QR,CF81 8QQ,LAL,True,,,http://www.caerphilly.gov.uk/Services/Libraries/Library-locations-and-opening-times/Bargoed-library.aspx,mailto:libraries@caerphilly.gov.uk
W06000018,Bedwas Library,Newport Road,Bedwas,Caerphilly,CF83 8BJ,LAL,True,,,http://www.caerphilly.gov.uk/Services/Libraries/Library-locations-and-opening-times/Bedwas-library.aspx,mailto:libbedw@caerphilly.gov.uk
W06000018,Blackwood Library,192 High Street,Blackwood,Caerphilly,NP12 1AJ,LAL,True,,,http://www.caerphilly.gov.uk/Services/Libraries/Library-locations-and-opening-times/Blackwood-library.aspx,mailto:libblack@caerphilly.gov.uk
W06000018,Caerphilly Library,The Twyn,Caerphilly,,CF83 1JL,LAL,True,,,http://www.caerphilly.gov.uk/Services/Libraries/Library-locations-and-opening-times/Caerphilly-library.aspx,mailto:libcaer@caerphilly.gov.uk
W06000018,Deri Library,Bailey Street,Deri,Bargoed,CF81 9HT,LAL,True,,,http://www.caerphilly.gov.uk/Services/Libraries/Library-locations-and-opening-times/Deri-library.aspx,mailto:libderi@caerphilly.gov.uk
W06000018,Llanbradach Library,School Street,Llanbradach,Caerphilly,CF83 3LP,LAL,True,,,http://www.caerphilly.gov.uk/Services/Libraries/Library-locations-and-opening-times/Llanbradach-library.aspx,mailto:Liblab2@caerphilly.gov.uk
W06000018,Machen Library,Village Hall & Social Centre,Machen,Caerphilly,CF83 8ND,LAL,True,,,http://www.caerphilly.gov.uk/Services/Libraries/Library-locations-and-opening-times/Machen-library.aspx,mailto:libmach@caerphilly.gov.uk
W06000018,Nelson Library,Commercial Street,Nelson,Caerphilly,CF46 6NF,LAL,True,,,http://www.caerphilly.gov.uk/Services/Libraries/Library-locations-and-opening-times/Nelson-library.aspx,mailto:libnels@caerphilly.gov.uk
W06000018,New Tredegar Library,Whiterose Learning and Resource Centre,School Street,Elliottown,NP24 6EF,LAL,True,,,http://www.caerphilly.gov.uk/Services/Libraries/Library-locations-and-opening-times/New-Tedegar-library.aspx,mailto:whrrc@caerphilly.gov.uk
W06000018,Newbridge Library,Newbridge Memo,High Street,Newbridge.,NP11 4FH,LAL,True,,,http://www.caerphilly.gov.uk/Services/Libraries/Library-locations-and-opening-times/Newbridge-library.aspx,mailto:libnewb@caerphilly.gov.uk
W06000018,Oakdale Library,Cwrt Cwmderwen,Oakdale,,NP12 0HN,LAL,True,,,http://www.caerphilly.gov.uk/Services/Libraries/Library-locations-and-opening-times/Oakdale-library.aspx,mailto:liboakd@caerphilly.gov.uk
W06000018,Pengam Library,Ivor Street,Pengam,Blackwood,NP12 3AB,LAL,True,,,http://www.caerphilly.gov.uk/Services/Libraries/Library-locations-and-opening-times/Pengam-library.aspx,mailto:libpeng@caerphilly.gov.uk
W06000018,Rhymney Library,Victoria Road,Rhymney,Tredegar,NP22 5NU,LAL,True,,,http://www.caerphilly.gov.uk/Services/Libraries/Library-locations-and-opening-times/Rhymney-library.aspx,mailto:librhym@caerphilly.gov.uk
W06000018,Risca Library,Unit C,Risca Palace,75 Tredegar Street,NP11 6BW,LAL,True,,,http://www.caerphilly.gov.uk/Services/Libraries/Library-locations-and-opening-times/Risca-library.aspx,mailto:librisca@caerphilly.gov.uk
W06000018,Ystrad Mynach Library,High Street,Ystrad Mynach,Caerphilly,CF82 7BB,LAL,True,,,http://www.caerphilly.gov.uk/Services/Libraries/Library-locations-and-opening-times/Ystrad-Mynach-library.aspx,mailto:libystr@caerphilly.gov.uk
W06000019,Abertillery Library,Station Hill,Abertillery,Blaenau Gwent,NP13 1TE,CL,True,,,http://aneurinleisure.org.uk/libraries/abertillery-library,
W06000019,Blaina Library,Reading Institute,High Street,Blaina,NP13 3BN,CL,True,,,http://aneurinleisure.org.uk/libraries/blaina-library,
W06000019,Brynmawr Library,Market Street,Brynmawr,Blaenau Gwent,NP23 4AJ,CL,True,,,http://aneurinleisure.org.uk/libraries/brynmawr-library,
W06000019,Cwm Library,Canning Street,Cwm,Blaenau Gwent,NP23 7RW,CL,True,,,http://aneurinleisure.org.uk/libraries/cwm-library,
W06000019,Ebbw Vale Library,21 Bethcar Street,Ebbw Vale,Blaenau Gwent,NP23 6HS,CL,True,,,http://aneurinleisure.org.uk/libraries/ebbw-vale-library,
W06000019,Tredegar Library,The Circle,Tredegar,Blaenau Gwent,NP22 3PS,CL,True,,,http://aneurinleisure.org.uk/libraries/tredegar-library,
W06000020,Blaenavon Library,Blaenavon World Heritage Centre and Library,Church Road,Blaenavon,NP4 9AS,LAL,True,,,https://www.torfaen.gov.uk/en/Libraries/Libraries-mobilelibraryservice/Blaenavon-Library.aspx,mailto:blaenavon.library@torfaen.gov.uk
W06000020,Cwmbran Library,Gwent House,,Town Centre,NP44 1XQ,LAL,True,,,https://www.torfaen.gov.uk/en/Libraries/Libraries-mobilelibraryservice/Cwmbran-Library.aspx,mailto:cwmbran.library@torfaen.gov.uk
W06000020,Pontypool Library,Hanbury Road,Pontypool,Torfaen,NP4 6JL,LAL,True,,,https://www.torfaen.gov.uk/en/Libraries/Libraries-mobilelibraryservice/Pontypool-Library.aspx,mailto:pontypool.library@torfaen.gov.uk
W06000021,Abergavenny Public Library,Baker Street,Abergavenny,Monmouthshire,NP7 5BD,LAL,True,1906,,http://www.monmouthshire.gov.uk/community-hubs-libraries/abergavenny-community-hub/abergavenny-library,
W06000021,Caldicot Library,Woodstock Way,Caldicott,Monmouthshire,NP26 5DB,LAL,True,,,http://www.monmouthshire.gov.uk/community-hubs-libraries/caldicot-community-hub/caldicot-library,
W06000021,Chepstow Library,Manor Way,Chepstow,Monmouthshire,NP16 5HZ,LAL,True,,,http://www.monmouthshire.gov.uk/community-hubs-libraries/chepstow-community-hub/chepstow-library,
W06000021,Gilwern Library,Gilwern Education Centre,Upper Common,Gilwern,NP7 0DS,LAL,True,,,http://www.monmouthshire.gov.uk/community-hubs-libraries/gilwern-library,
W06000021,Monmouth Library,The Rolls Hall,Whitecross Street,Monmouth,NP25 3BY,LAL,True,1888,,http://www.monmouthshire.gov.uk/community-hubs-libraries/monmouth-community-hub/monmouth-library,
W06000021,Usk Library,18a Maryport Street,Usk,Monmouthshire,NP15 1AE,LAL,True,,,http://www.monmouthshire.gov.uk/community-hubs-libraries/usk-community-hub/usk-library,
W06000022,Bettws Library and Information Centre,Bettws Library and Information Centre,Bettws,Newport,NP20 7TN,LAL,True,,,http://www.newport.gov.uk/en/Leisure-Tourism/Libraries/Find-a-library/Bettws-Library-and-Information-Centre.aspx,
W06000022,Caerleon Library and Information Centre,Caerleon Library and Information Centre,Town Hall,Church Street,NP18 1AW,LAL,True,,,http://www.newport.gov.uk/en/Leisure-Tourism/Libraries/Find-a-library/Caerleon-Library-and-Information-Centre.aspx,mailto:caerleon.library@newport.gov.uk
W06000022,Malpas Library and Information Centre,Pillmawr Road,Newport,Monmouthshire,NP20 6WF,LAL,True,,,http://www.newport.gov.uk/en/Leisure-Tourism/Libraries/Find-a-library/Malpas-Library-and-Information-Centre.aspx,mailto:malpas.library@newport.gov.uk
W06000022,Newport Central Library,John Frost Square,Newport,Monmouthshire,NP20 1PA,LAL,True,,,http://www.newport.gov.uk/en/Leisure-Tourism/Libraries/Find-a-library/Central-Library.aspx,
W06000022,Pillgwenlly Library and Information Centre,110-111 Commercial Road,Newport.,,NP20 2GW,LAL,True,,,http://www.newport.gov.uk/en/Leisure-Tourism/Libraries/Find-a-library/Pillgwenlly-Library-and-Information-Centre.aspx,mailto:pillgwenlly.library@newport.gov.uk
W06000022,Ringland Library and Information Centre,Ringland Centre,Newport,Monmouthshire,NP19 9PS,LAL,True,,,http://www.newport.gov.uk/en/Leisure-Tourism/Libraries/Find-a-library/Ringland-Library-and-Information-Centre.aspx,mailto:ringland.library@newport.gov.uk
W06000022,Rogerstone Library,Tregwilym Road,Newport,Monmouthshire,NP10 9EL,LAL,True,,,http://www.newport.gov.uk/en/Leisure-Tourism/Libraries/Find-a-library/Rogerstone-Library-and-Information-Centre.aspx,mailto:rogerstone.library@newport.gov.uk
W06000022,St. Julian's Library,St. Julian’s Community Learning and Library Centre,Beaufort Road,Newport,NP19 7UB,LAL,True,,,http://www.newport.gov.uk/en/Leisure-Tourism/Libraries/Find-a-library/St-Julians-Community-Learning-and-Library-Centre.aspx,mailto:stjulians.cllc@newport.gov.uk
W06000022,Tredegar House Library,Tredegar House Library,Pencarn Way,Newport,NP10 8YW,LAL,True,,,http://www.newport.gov.uk/en/Leisure-Tourism/Libraries/Find-a-library/Tredegar-House-Library-and-Information-Centre.aspx,mailto:library.tredegarhouse@newport.gov.uk
W06000023,Brecon Library,Ship Street,Brecon,Powys,LD3 9AE,LAL,True,1969,,http://www.powys.gov.uk/en/libraries/find-nearest-library/brecon-library/,mailto:brecon.library@powys.gov.uk
W06000023,Builth Wells Library,Antur Gwy,Park Road,Builth Wells,LD2 3BA,LAL,True,,,http://www.powys.gov.uk/en/libraries/find-nearest-library/builth-wells-library/,mailto:builth.library@powys.gov.uk
W06000023,Crickhowell Library,Silver Street,Crickhowell,Powys,NP8 1BJ,LAL,True,,,http://www.powys.gov.uk/en/libraries/find-nearest-library/crickhowell-library/,mailto:crickhowell.library@powys.gov.uk
W06000023,Hay on Wye Library,Chancery Lane,Hay-On-Wye,Powys,HR3 5BL,LAL,True,,,http://www.powys.gov.uk/en/libraries/find-nearest-library/hay-on-wye-library/,mailto:hay.library@powys.gov.uk
W06000023,Knighton Library,Knighton Library,Knighton Community Centre,Bowling Green Lane,LD7 1DR,LAL,True,,,http://www.powys.gov.uk/index.php?id=882&L=0,mailto:knighton.library@powys.gov.uk
W06000023,Llandrindod Wells Library,Library Service Llandrindod Wells,The Gwalia,Ithon Road,LD1 6AA,LAL,True,,,http://www.powys.gov.uk/en/libraries/find-nearest-library/llandrindod-wellslibrary/,mailto:llandrindod.library@powys.gov.uk
W06000023,Llanfair Caereinion Library,The Institute,Llanfair Caereinion,Powys,SY21 0RY,LAL,True,1913,,http://www.powys.gov.uk/en/libraries/find-nearest-library/llanfair-caereinion-library/,mailto:llanfair.library@powys.gov.uk
W06000023,Llanfyllin Library,Youth and Community Centre,Council Buildings,Llanfyllin,SY22 5BB,LAL,True,,,http://www.powys.gov.uk/en/libraries/find-nearest-library/llanfyllin-library/,mailto:llanfyllin.library@powys.gov.uk
W06000023,Llanidloes Library,Library Service Llanidloes Llanidloes Town Hall,Great Oak Street,Llanidloes,SY18 6BN,LAL,True,,,http://www.powys.gov.uk/en/libraries/find-nearest-library/llanidloes-library/,mailto:llanidloes.library@powys.gov.uk
W06000023,Llanwrtyd Library,Library Service Llanwrtyd,Ysgol Dolafon C.P. Llanwrtyd Wells,Powys,LD5 4RA,LAL,True,,,http://www.powys.gov.uk/en/libraries/find-nearest-library/llanwrtyd-library/,mailto:llanwrtyd.library@powys.gov.uk
W06000023,Machynlleth Library,Maengwyn Street,Machynlleth,Powys,SY20 8DY,LAL,True,,,http://www.powys.gov.uk/en/libraries/find-nearest-library/machynlleth-library/,mailto:machynlleth.library@powys.gov.uk
W06000023,Montgomery Library,Arthur Street,Montgomery,Powys,SY15 6RA,LAL,True,,,http://www.powys.gov.uk/en/libraries/find-nearest-library/montgomery-library/,
W06000023,Newtown Library,Park Lane,Newtown,Powys,SY16 1EJ,LAL,True,,,http://www.powys.gov.uk/en/libraries/find-nearest-library/newtown-library/,mailto:newtown.library@powys.gov.uk
W06000023,Presteigne Library,Market Hall,Broad Street,Presteigne,LD8 2AD,LAL,True,,,http://www.powys.gov.uk/en/libraries/find-nearest-library/presteigne-library/,mailto:presteigne.library@mail.powys.gov.uk
W06000023,Rhayader Library,West Street,Rhayader,Powys,LD6 5AB,LAL,True,,,http://www.powys.gov.uk/en/libraries/find-nearest-library/rhayader-library/,mailto:rhayader.library@powys.gov.uk
W06000023,Talgarth Library,New Street,Talgarth,Powys,LD3 0AH,LAL,True,,,http://www.powys.gov.uk/en/libraries/find-nearest-library/talgarth-library/,mailto:talgarth.library@powys.gov.uk
W06000023,Welshpool Library,The Canal Wharf,Welshpool,Powys,SY21 7AQ,LAL,True,,,http://www.powys.gov.uk/en/libraries/find-nearest-library/welshpool-library/,mailto:welshpool.library@powys.gov.uk
W06000023,Ystradgynlais Library,Temperance Street,Ystradgynlais,Powys,SA9 1JJ,LAL,True,,,http://www.powys.gov.uk/en/libraries/find-nearest-library/ystradgynlais-library/,mailto:ystrad.library@powys.gov.uk
W06000024,Aberfan Library,Pantglas Road,Aberfan,,CF48 4QE,CL,True,,,http://www.merthyrlibraries.co.uk/our-libraries/aberfan-community-library.aspx#firstab-2,
W06000024,Dowlais Library,Church Street,Dowlais,Merthyr Tydfil,CF48 3HS,CL,True,1907,,http://www.merthyrlibraries.co.uk/our-libraries/dowlais-library.aspx,
W06000024,Merthyr Library Hub,Merthyr Tydfil Leisure Centre,,,CF48 1UT,CL,True,,,http://www.merthyrlibraries.co.uk/our-libraries/library-hub.aspx,
W06000024,Merthyr Tydfil Central Library,High Street,Merthyr Tydfil,,CF47 8AF,CL,True,,,http://www.merthyrlibraries.co.uk/our-libraries/central-library.aspx,
W06000024,Treharris Library,Perrott Street,Treharris,Merthyr Tydfil,CF46 5ET,CL,True,1909,,http://www.merthyrlibraries.co.uk/our-libraries/treharris-library.aspx,
